Employee_ID,Employee_Name,Home_Address
1,Braden Savage,7427 Somerset Rd. Dallas
2,Ashton Fox,8688 Grand Street Madison Heights
3,Alayna Ross,2 Littleton Road Raleigh
4,Izabelle Oconnell,9670 South Crescent Ave. La Vergne
5,Reynaldo Fox,9989 Marsh Avenue Herndon
6,Mariah Terrell,7276 West Longfellow Ave. Kenosha
7,Caden Walls,264 Foster St. Jacksonville Beach
8,Ayden Keller,7244 North Grove Lane Boynton Beach
9,Luz Day,7343 W. Magnolia Road Lakeland
10,Kinsley Hood,375 Whitemarsh Ave. Eastpointe
11,Alexia Peck,873 Bohemia Street Ossining
12,Isabel Solis,7697 Summit Ave. Bowie
13,Nathanial Davenport,97 Meadowbrook St. West New York
14,Shaun Garrison,162 Prince Dr. Beaver Falls
15,Madilynn Stephens,4 Pennsylvania Dr. Arlington
16,Jagger Dunn,507 Halifax Road North Canton
17,Abigayle Michael,315 W. Roehampton St. Malden
18,Adam Huynh,2 Sleepy Hollow Dr. Gallatin
19,Addison Higgins,39 Clark St. Delray Beach
20,Jaycee Hubbard,57 Annadale Avenue Birmingham
