Product_Name,Product_Category_Name,,,,,
white hanging heart t-light holder,household essentials,,,,,
white metal lantern,household essentials,,,,,
cream cupid hearts coat hanger,household essentials,,,,,
knitted union flag hot water bottle,household essentials,,,,,
cream cheese bar,dairy,,,,,
set 7 babushka nesting boxes,toys,,,,,
glass star frosted t-light holder,household essentials,,,,,
philadelphia cream cheese,dairy,,,,,
raspberries,fruits,,,,,
hot dogs skinless,meat,,,,,
blueberries,fruits,,,,,
cream cheese family pack,dairy,,,,,
blackberries,fruits,,,,,
ivory knitted mug cosy,gifts,,,,,
box of 6 assorted colour teaspoons,gifts,,,,,
fuji apples,fruits,,,,,
gala apples,fruits,,,,,
jumbo blueberries,fruits,,,,,
organic blueberries family pack,fruits,,,,,
old orchard joice grape,drinks,,,,,
organic valley cream cheese spread,dairy,,,,,
jam making set with jars,gifts,,,,,
red coat rack paris fashion,household essentials,,,,,
yellow coat rack paris fashion,household essentials,,,,,
blue coat rack paris fashion,household essentials,,,,,
bananas each,fruits,,,,,
alarm clock bakelike pink,gifts,,,,,
alarm clock bakelike red,gifts,,,,,
alarm clock bakelike green,gifts,,,,,
juice apple with calcium,drinks,,,,,
stars gift tape,gifts,,,,,
organic bagged gala apples family pack,fruits,,,,,
classic hot dogs,meat,,,,,
set/2 red retrospot tea towels,household essentials,,,,,
bone-in country style pork ribs,meat,,,,,
turkey pepperoni,foods,,,,,
lunch box i love london,household essentials,,,,,
circus parade lunch box,household essentials,,,,,
perfect portion strip steak,meat,,,,,
stew beef,meat,,,,,
mcintosh apple,fruits,,,,,
baked donuts,snacks,,,,,
100% juice orange,drinks,,,,,
bulk bagels,snacks,,,,,
mini paint set vintage,toys,,,,,
turkey hot dogs,meat,,,,,
paper chain kit 50's christmas,household essentials,,,,,
hand warmer red polka dot,household essentials,,,,,
hand warmer union jack,household essentials,,,,,
boneless pork chop thin sliced,meat,,,,,
white metal lantern,household essentials,,,,,
pork tenderloin,meat,,,,,
chicken breast cutlets,meat,,,,,
retro coffee mugs assorted,household essentials,,,,,
save the planet mug,household essentials,,,,,
vintage billboard drink me mug,household essentials,,,,,
vintage billboard love/hate mug,household essentials,,,,,
rib eye steak,meat,,,,,
muffins chocolate cip,snacks,,,,,
muffins original,snacks,,,,,
perfect portion sirloin steak,meat,,,,,
knitted union flag hot water bottle,household essentials,,,,,
wheatgrass shots organic,snacks,,,,,
organic extra large eggs,foods,,,,,
german brand beef frank,meat,,,,,
smoothie berry,snacks,,,,,
classic beef franks,meat,,,,,
organic chocolate chip,snacks,,,,,
cookies dough,snacks,,,,,
sugar cookie,snacks,,,,,
chocolate chip,snacks,,,,,
save the planet mug,gifts,,,,,
best pepperoni,foods,,,,,
homestyle pudding,snacks,,,,,
chicken wings family pack,meat,,,,,
soft bagel,foods,,,,,
rice pudding cinnamon raisin,snacks,,,,,
pudding organic vanilla bean,snacks,,,,,
organic raised grade a large eggs,foods,,,,,
large eggs 18 count,foods,,,,,
large eggs 36 count,foods,,,,,
glass star frosted t-light holder,household essentials,,,,,
hot water bottle tea and sympathy,household essentials,,,,,
mild blue cheese,dairy,,,,,
muffins original sandwich size,foods,,,,,
hand warmer union jack,household essentials,,,,,
jumbo bag pink polkadot,gifts,,,,,
jumbo bag baroque black white,gifts,,,,,
jumbo bag charlie and lola toys,gifts,,,,,
organic boneless skinless chicken,meat,,,,,
6 pack blueberry begels,foods,,,,,
bone-in chicken thighs,meat,,,,,
baked dozen donuts,foods,,,,,
lunch bag red retrospot,household essentials,,,,,
strawberry lunch box with cutlery,household essentials,,,,,
top round steak,meat,,,,,
pack of 72 retrospot cake cases,household essentials,,,,,
pack of 60 dinosaur cake cases,household essentials,,,,,
pack of 60 pink paisley cake cases,household essentials,,,,,
smoothie strawberry,drinks,,,,,
